# ========================================
# NORMALIZATION & DOMAIN BLOCKS
# ========================================

# Passthrough static assets
/_astro/*                 /_astro/:splat            200
/assets/*                 /assets/:splat            200
/images/*                 /images/:splat            200
/fonts/*                  /fonts/:splat             200
/css/*                    /css/:splat               200
/js/*                     /js/:splat                200
/og/*                     /og/*                     200

# HTTPS + remove www
# http://*                  https://$host$uri         301!
# https://www.therebelape.com/*  https://therebelape.com$uri  301!

https://www.therebelape.com/*  https://therebelape.com/:splat  301!
http://therebelape.com/*  https://therebelape.com/:splat  301!
http://www.therebelape.com/*  https://therebelape.com/:splat  301!

# ========================================
# PAGE SLUG UPDATES
# ========================================

/website-design-for-contractors/ /website-design/ 301
/ads-for-contractors/ /ads/ 301

# ========================================
# LANDING PAGES & SUBDOMAIN REDIRECTS
# ========================================

# SUBS
http://leads.therebelape.com/ https://uomc.therebelape.com 301!
https://leads.therebelape.com/ https://uomc.therebelape.com 301!
https://go.therebelape.com/checklist/ https://uomc.therebelape.com 301!
https://go.therebelape.com/ https://uomc.therebelape.com 301!

# SCHEDULE
http://therebelape.com/schedule https://schedule.therebelape.com 301!
https://therebelape.com/schedule/ https://schedule.therebelape.com 301!
https://go.therebelape.com/schedule https://schedule.therebelape.com 301!
https://go.therebelape.com/schedule-booking-confirmation https://schedule.therebelape.com 301!
https://go.therebelape.com/schedule-select-time https://schedule.therebelape.com 301!
https://therebelape.com/contact/request-a-bid/ https://schedule.therebelape.com 301!

# CONTACT
https://therebelape.com/request-a-bid/ /contact/ 301!

# ========================================
# CONTENT PAGES
# ========================================

# CONVERSION SECRETS
# Main Pages
https://go.therebelape.com/conversion-secrets /website-design/ 301!
https://go.therebelape.com/conversion-secrets-2357 /website-design/ 301!
https://go.therebelape.com/conversion-secrets/ /website-design/ 301!
https://www.therebelape.com/conversion-secrets /website-design/ 301!
https://therebelape.com/conversion-secrets/ /website-design/ 301!
https://therebelape.com/what-makes-a-high-converting-webpage/ /website-design/ 301!

# Page Anchors
https://therebelape.com/what-makes-a-high-converting-webpage/#A_website_wont_convert_traffic_if_it_isnt_trustworthy /website-design/ 301!
https://therebelape.com/what-makes-a-high-converting-webpage/#Every_website_should_have_great_content_writing /website-design/ 301!
https://therebelape.com/what-makes-a-high-converting-webpage/#A_phone_number_is_one_of_the_best_items_for_a_high_converting_webpage /website-design/ 301!

# ABOUT
# Main Pages
https://therebelape.com/about-us/ /about/ 301!
https://therebelape.com/about-rebel-ape-marketing/ /about/ 301!

# Adam Miconi
https://therebelape.com/adam-miconi/ /about/ 301!
https://therebelape.com/about/adam-miconi/ /about/ 301!
https://therebelape.com/about-us/adam-miconi/ /about/ 301!
https://therebelape.com/about-rebel-ape-marketing/adam-miconi/ /about/ 301!
https://therebelape.com/about-rebel-ape-marketing/adam-miconi-plumbing-marketing-expert/ /about/ 301!

# Reviews
https://therebelape.com/about-us/reviews/ /about/ 301!
https://therebelape.com/about-rebel-ape-marketing/plumber-marketing-agency-reviews/ /about/ 301!
https://therebelape.com/about-rebel-ape-marketing/marketing-agency-reviews/ /about/ 301!
https://therebelape.com/about/reviews/ /about/ 301!

# Referral Program
https://therebelape.com/about-rebel-ape-marketing/plumber-referral-program/ /about/ 301!
https://therebelape.com/about-rebel-ape-marketing/referral-program/ /about/ 301!
https://therebelape.com/about/referral-program/ /about/ 301!
https://therebelape.com/referral-program/ /about/ 301!

# ========================================
# WEBSITE DESIGN
# ========================================

# WEBSITE DESIGN - General Pages
https://therebelape.com/web-design/ /website-design/ 301!
https://therebelape.com/web-design /website-design/ 301!
https://therebelape.com/website-design/ /website-design/ 301!
https://therebelape.com/website-design-and-development-consultant/ /website-design/ 301!
https://therebelape.com/services/plumber-website-design/ /website-design/ 301!
https://therebelape.com/plumber-website-design/ /website-design/ 301!
https://therebelape.com/high-converting-website/feed/ /website-design/ 301!

# WEBSITE DESIGN - Guide Pages
https://therebelape.com/high-converting-website-design-guide/ /website-design/ 301!
https://therebelape.com/ultimate-guide-to-small-business-website-design/ /website-design/ 301!
https://therebelape.com/how-your-website-design-can-help-or-hurt-your-brand/ /website-design/ 301!
https://therebelape.com/increase-website-trust/ /website-design/ 301!
https://therebelape.com/plumbing-website-conversion-fixes/ /website-design/ 301!
https://therebelape.com/a-website-blog-is-an-seos-secret-weapon/ /website-design/ 301!
https://therebelape.com/how-to-improve-website-traffic-with-seo-your-complete-2025-guide/ /website-design/ 301!

# Plumbing Website Conversion Fixes - Anchors
https://therebelape.com/plumbing-website-conversion-fixes/#step-1-put-your-phone-number-in-the-top-right-corner-of-every-page /website-design/ 301!
https://therebelape.com/plumbing-website-conversion-fixes/#step-2-ditch-the-stock-photos%E2%80%94use-real-images-of-your-team /website-design/ 301!
https://therebelape.com/plumbing-website-conversion-fixes/#step-3-add-a-call-to-action-cta-after-every-block-of-text /website-design/ 301!
https://therebelape.com/plumbing-website-conversion-fixes/#the-real-problem-isn%E2%80%99t-traffic%E2%80%94it%E2%80%99s-conversion /website-design/ 301!

# WEBSITE DESIGN - Location-Specific Pages
https://therebelape.com/marketing-services/website-design/ /website-design/ 301!
https://therebelape.com/marketing-services/website-design/bountiful/ /website-design/ 301!
https://therebelape.com/plumber-marketing-services/plumber-website-design/ /website-design/ 301!
https://therebelape.com/plumber-marketing-services/plumber-website-design/plumber-web-design-bountiful/ /website-design/ 301!
https://therebelape.com/plumber-website-design/bountiful-web-design/ /website-design/ 301!
https://therebelape.com/web-design/bountiful-web-design/ /website-design/ 301!
https://therebelape.com/marketing-agencies-utah/seo-for-small-business/seo-and-website-design-in-logan/ /website-design/ 301!
https://therebelape.com/marketing-agencies-utah/seo-for-small-business/seo-and-website-design-in-las-vegas/ /website-design/ 301!
https://therebelape.com/marketing-agencies-utah/seo-for-small-business/seo-and-website-design-in-layton/ /website-design/ 301!
https://therebelape.com/marketing-agencies-utah/seo-for-small-business/seo-website-design-in-saint-george/ /website-design/ 301!
https://therebelape.com/marketing-agencies-utah/seo-for-small-business/website-design-in-bountiful-ut/ /website-design/ 301!
https://therebelape.com/marketing-agencies-utah/website-developer-for-small-businesses/ /website-design/ 301!

# WEBSITE DESIGN - Questionnaire & Resources
https://therebelape.com/marketing-services/website-design/website-design-questionnaire/ /website-design/ 301!
https://therebelape.com/plumber-marketing-services/plumber-website-design/website-design-questionnaire/ /website-design/ 301!
https://therebelape.com/services/plumber-website-design/website-design-examples/ /website-design/ 301!
https://therebelape.com/web-design-questionnaire/ /website-design/ 301!
https://therebelape.com/marketing-services/website-design/website-design-examples/ /website-design/ 301!
https://therebelape.com/plumber-marketing-services/plumber-website-design/website-design-examples/ /website-design/ 301!
https://therebelape.com/services/plumber-website-design/ /website-design/ 301!
https://therebelape.com/web-design-examples/ /website-design/ 301!

# WEBSITE DESIGN - Blog & Feed Pages
https://therebelape.com/category/design/ /website-design/ 301!
https://therebelape.com/category/design/feed/ /website-design/ 301!

# WEBSITE DESIGN - Logo Designer Pages & Anchors
https://therebelape.com/how-to-hire-a-logo-designer/ /website-design/ 301!
https://therebelape.com/how-to-hire-a-logo-designer/#1_Communicate_your_brand_vision /website-design/ 301!
https://therebelape.com/how-to-hire-a-logo-designer/#2_Determine_your_budget /website-design/ 301!
https://therebelape.com/how-to-hire-a-logo-designer/#3_Research_potential_designers /website-design/ 301!
https://therebelape.com/how-to-hire-a-logo-designer/#4_Request_samples_and_portfolios /website-design/ 301!
https://therebelape.com/how-to-hire-a-logo-designer/#5_Interview_potential_designers /website-design/ 301!
https://therebelape.com/how-to-hire-a-logo-designer/#6_Get_everything_in_writing /website-design/ 301!
https://therebelape.com/how-to-hire-a-logo-designer/#7_The_design_process_begins /website-design/ 301!
https://therebelape.com/how-to-hire-a-logo-designer/#8_Giving_your_feedback /website-design/ 301!
https://therebelape.com/how-to-hire-a-logo-designer/#9_Finishing_the_design /website-design/ 301!
https://therebelape.com/how-to-hire-a-logo-designer/#Action_Steps /website-design/ 301!
https://therebelape.com/how-to-hire-a-logo-designer/#gkfjmr-1-determine-what-you-have-in-mind-when-you-hire-a-logo-designer /website-design/ 301!

# WEBSITE DESIGN - Client Projects
https://therebelape.com/our-work/client-work/capener-matthews-dental-website-design/ /website-design/ 301!
https://therebelape.com/our-work/client-work/develop-your-intuitive-gifts-website-design/ /website-design/ 301!
https://therebelape.com/our-work/client-work/ellis-printing-website-design/ /website-design/ 301!
https://therebelape.com/our-work/client-work/out-there-roofing-website-design/ /website-design/ 301!
https://therebelape.com/our-work/client-work/tnt-social-media-website-design/ /website-design/ 301!

# ========================================
# SEO & MARKETING CONTENT
# ========================================

# SEO - General Pages
https://therebelape.com/marketing-agencies-utah/ / 301!

# SEO - City Pages
https://therebelape.com/marketing-services/website-design/ /website-design/ 301!

# VIDEO & MEDIA
https://therebelape.com/when-to-hire-a-professional-videographer-for-your-home-service-company/ / 301!

# OTHER CONTENT
https://therebelape.com/ai-for-home-service-companies/ / 301!
https://therebelape.com/billboard-advertising-strategies-3-proven-ways-to-capture-attention-and-drive-results/ / 301!
https://therebelape.com/business-growth/ / 301!
https://therebelape.com/digital-strategy/ / 301!
https://therebelape.com/getting-to-know-your-customer-avatar-the-ultimate-guide-to-better-marketing/ / 301!
https://therebelape.com/how-to-leverage-efforts-for-maximum-results/ / 301!
https://therebelape.com/how-to-setup-google-analytics/ / 301!
https://therebelape.com/how-we-develop-our-powerful-marketing-strategies/ / 301!
https://therebelape.com/marketing-resources/ / 301!
https://therebelape.com/marketing-resources/customer-avatar/ / 301!
https://therebelape.com/marketing-testing-strategy-drive-explosive-growth-in-2025/ / 301!
https://therebelape.com/maximize-marketing-impact-multiple-platforms/ / 301!
https://therebelape.com/online-reviews/ / 301!
https://therebelape.com/organic-marketing-strategies-for-explosive-business-growth-in-2025/ / 301!
https://therebelape.com/our-secret-to-tracking-success-and-making-marketing-predictable/ / 301!
https://therebelape.com/reverse-scrolling-on-windows-10/ / 301!
https://therebelape.com/services/plumber-call-tracking/ / 301!
https://therebelape.com/social-media-marekting/ / 301!
https://therebelape.com/tips-to-keep-your-business-during-the-pandemic/ / 301!
https://therebelape.com/when-to-delegate-marketing-to-experts/ / 301!

# ========================================
# CASE STUDIES & CLIENT WORK
# ========================================

# CASE STUDIES - Directory Pages
https://therebelape.com/clients/ /case-studies/ 301!
https://therebelape.com/our-work/ / 301!
https://therebelape.com/our-work/client-work/ /case-studies/ 301!

# CASE STUDIES - Individual Projects

# New Structure
https://therebelape.com/our-work/client-work/aingeal-music/ /case-studies/ 301!
https://therebelape.com/our-work/client-work/amazing-vacations-costa-rica/ /case-studies/ 301!
https://therebelape.com/our-work/client-work/amazing-vacations-usa/ /case-studies/ 301!
https://therebelape.com/our-work/client-work/brain-optimizer/ /case-studies/ 301!
https://therebelape.com/our-work/client-work/critical-edtek/ /case-studies/ 301!
https://therebelape.com/our-work/client-work/divorce-planning-pros/ /case-studies/ 301!
https://therebelape.com/our-work/client-work/explosive-impact/ /case-studies/ 301!
https://therebelape.com/our-work/client-work/fresh-and-new-real-estate/ /case-studies/ 301!
https://therebelape.com/our-work/client-work/green-dani-bs/ /case-studies/ 301!
https://therebelape.com/our-work/client-work/ifix/ /case-studies/ 301!
https://therebelape.com/our-work/client-work/it-business-services/ /case-studies/ 301!
https://therebelape.com/our-work/client-work/jennifer-funk-fine-art/ /case-studies/ 301!
https://therebelape.com/our-work/client-work/light-child-media/ /case-studies/ 301!
https://therebelape.com/our-work/client-work/marias-creations/ /case-studies/ 301!
https://therebelape.com/our-work/client-work/northern-utah-glass/ /case-studies/ 301!
https://therebelape.com/our-work/client-work/slr-roofing/ /case-studies/ 301!
https://therebelape.com/our-work/client-work/tomchak-skolout-law-firm/ /case-studies/ 301!
https://therebelape.com/our-work/client-work/totti-buttons-ski-rack/ /case-studies/ 301!
https://therebelape.com/our-work/client-work/utah-accident-solutions/ /case-studies/ 301!
https://therebelape.com/our-work/client-work/vitality-energy/ /case-studies/ 301!
https://therebelape.com/our-work/client-work/void-distortion/ /case-studies/ 301!

# ========================================
# HOMEPAGE & MISCELLANEOUS
# ========================================

# HOMEPAGE - Plumbing Marketing Location Pages
https://therebelape.com/plumbing-marketing/ / 301!
https://therebelape.com/plumbing-marketing/salt-lake-city/ / 301!
https://therebelape.com/plumbing-marketing/ogden/ / 301!
https://therebelape.com/plumbing-marketing/saint-george/ / 301!
https://therebelape.com/plumbing-marketing/bountiful/ / 301!
https://therebelape.com/plumbing-marketing/layton/ / 301!
https://therebelape.com/plumbing-marketing/lehi/ / 301!
https://therebelape.com/plumbing-marketing/logan/ / 301!
https://therebelape.com/plumbing-marketing/murray/ / 301!
https://therebelape.com/plumbing-marketing/orem/ / 301!
https://therebelape.com/plumbing-marketing/park-city/ / 301!
https://therebelape.com/plumbing-marketing/provo/ / 301!
https://therebelape.com/plumbing-marketing/sandy/ / 301!
https://therebelape.com/plumbing-marketing/south-jordan/ / 301!
https://therebelape.com/plumbing-marketing/west-jordan/ / 301!
https://therebelape.com/plumbing-marketing/west-valley-city/ / 301!

# HOMEPAGE - General Pages Redirecting to Home
https://therebelape.com/client-portal/ / 301!
https://therebelape.com/contact-rebel-ape-marketing/ / 301!
https://therebelape.com/design/ / 301!
https://therebelape.com/design/feed/ / 301!
https://therebelape.com/marketing/feed/ / 301!
https://therebelape.com/press-release/ / 301!
https://therebelape.com/services/ / 301!
https://therebelape.com/tag/blog/feed/ / 301!
https://therebelape.com/tag/clutch/feed/ / 301!
https://therebelape.com/tag/trust/feed/ / 301!
https://therebelape.com/xyz-marketing/ / 301!
https://therebelape.com/xyz-marketing-acquired-by-rebel-ape-marketing/ / 301!

# LEGAL PAGES
# PRIVACY POLICY
https://therebelape.com/legal/privacy-policy/ /privacy-policy/ 301!
https://therebelape.com/about-us/privacy-policy/ /privacy-policy/ 301!

# TERMS AND CONDITIONS
https://therebelape.com/legal/terms-and-conditions/ /terms-and-conditions/ 301!

# SITEMAP
https://therebelape.com/html-sitemap/ /sitemap.xml 301!


# ========================================
# BLOG POST REDIRECTS
# ========================================

# Old blog post URLs (without /blog/) redirect to new structure (/blog/slug/)
/4-vital-components-of-the-website-process /blog/4-vital-components-of-the-website-process/ 301
/4-vital-components-of-the-website-process/ /blog/4-vital-components-of-the-website-process/ 301
/5-reasons-you-need-social-media-marketing /blog/5-reasons-you-need-social-media-marketing/ 301
/5-reasons-you-need-social-media-marketing/ /blog/5-reasons-you-need-social-media-marketing/ 301
/7-reasons-you-need-a-website /blog/7-reasons-you-need-a-website/ 301
/7-reasons-you-need-a-website/ /blog/7-reasons-you-need-a-website/ 301
/a-website-blog-is-an-seos-secret-weapon /blog/a-website-blog-is-an-seos-secret-weapon/ 301
/a-website-blog-is-an-seos-secret-weapon/ /blog/a-website-blog-is-an-seos-secret-weapon/ 301
/ai-for-home-service-companies /blog/ai-for-home-service-companies/ 301
/ai-for-home-service-companies/ /blog/ai-for-home-service-companies/ 301
/billboard-advertising-strategies-3-proven-ways-to-capture-attention-and-drive-results /blog/billboard-advertising-strategies-3-proven-ways-to-capture-attention-and-drive-results/ 301
/billboard-advertising-strategies-3-proven-ways-to-capture-attention-and-drive-results/ /blog/billboard-advertising-strategies-3-proven-ways-to-capture-attention-and-drive-results/ 301
/branding-strategies-in-marketing /blog/branding-strategies-in-marketing/ 301
/branding-strategies-in-marketing/ /blog/branding-strategies-in-marketing/ 301
/clutchs-2022-leading-web-designer-from-utah /blog/clutchs-2022-leading-web-designer-from-utah/ 301
/clutchs-2022-leading-web-designer-from-utah/ /blog/clutchs-2022-leading-web-designer-from-utah/ 301
/content-syndication-strategies /blog/content-syndication-strategies/ 301
/content-syndication-strategies/ /blog/content-syndication-strategies/ 301
/create-social-media-marketing-campaign /blog/create-social-media-marketing-campaign/ 301
/create-social-media-marketing-campaign/ /blog/create-social-media-marketing-campaign/ 301
/do-keywords-still-matter-for-seo /blog/do-keywords-still-matter-for-seo/ 301
/do-keywords-still-matter-for-seo/ /blog/do-keywords-still-matter-for-seo/ 301
/find-a-web-designer-near-ogden-utah /blog/find-a-web-designer-near-ogden-utah/ 301
/find-a-web-designer-near-ogden-utah/ /blog/find-a-web-designer-near-ogden-utah/ 301
/getting-to-know-your-customer-avatar-the-ultimate-guide-to-better-marketing /blog/getting-to-know-your-customer-avatar-the-ultimate-guide-to-better-marketing/ 301
/getting-to-know-your-customer-avatar-the-ultimate-guide-to-better-marketing/ /blog/getting-to-know-your-customer-avatar-the-ultimate-guide-to-better-marketing/ 301
/go-to-market-strategy-the-5-essential-elements-for-business-success /blog/go-to-market-strategy-the-5-essential-elements-for-business-success/ 301
/go-to-market-strategy-the-5-essential-elements-for-business-success/ /blog/go-to-market-strategy-the-5-essential-elements-for-business-success/ 301
/google-bert-update /blog/google-bert-update/ 301
/google-bert-update/ /blog/google-bert-update/ 301
/google-business-profile-for-plumbers /blog/google-business-profile-for-plumbers/ 301
/google-business-profile-for-plumbers/ /blog/google-business-profile-for-plumbers/ 301
/high-converting-website-design-guide /blog/high-converting-website-design-guide/ 301
/high-converting-website-design-guide/ /blog/high-converting-website-design-guide/ 301
/how-the-logo-design-process-works /blog/how-the-logo-design-process-works/ 301
/how-the-logo-design-process-works/ /blog/how-the-logo-design-process-works/ 301
/how-to-add-users-to-google-my-business-listing /blog/how-to-add-users-to-google-my-business-listing/ 301
/how-to-add-users-to-google-my-business-listing/ /blog/how-to-add-users-to-google-my-business-listing/ 301
/how-to-design-a-brand-identity-like-a-professional /blog/how-to-design-a-brand-identity-like-a-professional/ 301
/how-to-design-a-brand-identity-like-a-professional/ /blog/how-to-design-a-brand-identity-like-a-professional/ 301
/how-to-find-design-agencies-in-utah /blog/how-to-find-design-agencies-in-utah/ 301
/how-to-find-design-agencies-in-utah/ /blog/how-to-find-design-agencies-in-utah/ 301
/how-to-hire-a-logo-designer /blog/how-to-hire-a-logo-designer/ 301
/how-to-hire-a-logo-designer/ /blog/how-to-hire-a-logo-designer/ 301
/how-to-improve-website-traffic-with-seo-your-complete-2025-guide /blog/how-to-improve-website-traffic-with-seo-your-complete-2025-guide/ 301
/how-to-improve-website-traffic-with-seo-your-complete-2025-guide/ /blog/how-to-improve-website-traffic-with-seo-your-complete-2025-guide/ 301
/how-to-leverage-efforts-for-maximum-results /blog/how-to-leverage-efforts-for-maximum-results/ 301
/how-to-leverage-efforts-for-maximum-results/ /blog/how-to-leverage-efforts-for-maximum-results/ 301
/how-to-master-your-client-onboarding-process-from-3-hours-to-20-minutes /blog/how-to-master-your-client-onboarding-process-from-3-hours-to-20-minutes/ 301
/how-to-master-your-client-onboarding-process-from-3-hours-to-20-minutes/ /blog/how-to-master-your-client-onboarding-process-from-3-hours-to-20-minutes/ 301
/how-to-outrank-your-competitors /blog/how-to-outrank-your-competitors/ 301
/how-to-outrank-your-competitors/ /blog/how-to-outrank-your-competitors/ 301
/how-to-setup-google-analytics /blog/how-to-setup-google-analytics/ 301
/how-to-setup-google-analytics/ /blog/how-to-setup-google-analytics/ 301
/how-we-develop-our-powerful-marketing-strategies /blog/how-we-develop-our-powerful-marketing-strategies/ 301
/how-we-develop-our-powerful-marketing-strategies/ /blog/how-we-develop-our-powerful-marketing-strategies/ 301
/how-your-website-design-can-help-or-hurt-your-brand /blog/how-your-website-design-can-help-or-hurt-your-brand/ 301
/how-your-website-design-can-help-or-hurt-your-brand/ /blog/how-your-website-design-can-help-or-hurt-your-brand/ 301
/increase-website-trust /blog/increase-website-trust/ 301
/increase-website-trust/ /blog/increase-website-trust/ 301
/is-seo-dead /blog/is-seo-dead/ 301
/is-seo-dead/ /blog/is-seo-dead/ 301
/keyword-cannibalization-and-why-you-should-avoid-it /blog/keyword-cannibalization-and-why-you-should-avoid-it/ 301
/keyword-cannibalization-and-why-you-should-avoid-it/ /blog/keyword-cannibalization-and-why-you-should-avoid-it/ 301
/lead-generation-best-practices-master-conversion-strategies-for-2025 /blog/lead-generation-best-practices-master-conversion-strategies-for-2025/ 301
/lead-generation-best-practices-master-conversion-strategies-for-2025/ /blog/lead-generation-best-practices-master-conversion-strategies-for-2025/ 301
/local-seo-services-increase-local-visibility-and-drive-more-customers /blog/local-seo-services-increase-local-visibility-and-drive-more-customers/ 301
/local-seo-services-increase-local-visibility-and-drive-more-customers/ /blog/local-seo-services-increase-local-visibility-and-drive-more-customers/ 301
/marketing-testing-strategy-drive-explosive-growth-in-2025 /blog/marketing-testing-strategy-drive-explosive-growth-in-2025/ 301
/marketing-testing-strategy-drive-explosive-growth-in-2025/ /blog/marketing-testing-strategy-drive-explosive-growth-in-2025/ 301
/maximize-marketing-impact-multiple-platforms /blog/maximize-marketing-impact-multiple-platforms/ 301
/maximize-marketing-impact-multiple-platforms/ /blog/maximize-marketing-impact-multiple-platforms/ 301
/on-page-seo-tips /blog/on-page-seo-tips/ 301
/on-page-seo-tips/ /blog/on-page-seo-tips/ 301
/online-marketing-business-growth-trajectory /blog/online-marketing-business-growth-trajectory/ 301
/online-marketing-business-growth-trajectory/ /blog/online-marketing-business-growth-trajectory/ 301
/online-reviews /blog/online-reviews/ 301
/online-reviews/ /blog/online-reviews/ 301
/organic-marketing-strategies-for-explosive-business-growth-in-2025 /blog/organic-marketing-strategies-for-explosive-business-growth-in-2025/ 301
/organic-marketing-strategies-for-explosive-business-growth-in-2025/ /blog/organic-marketing-strategies-for-explosive-business-growth-in-2025/ 301
/our-secret-to-tracking-success-and-making-marketing-predictable /blog/our-secret-to-tracking-success-and-making-marketing-predictable/ 301
/our-secret-to-tracking-success-and-making-marketing-predictable/ /blog/our-secret-to-tracking-success-and-making-marketing-predictable/ 301
/our-secrets-to-successful-video-marketing-that-drives-real-results /blog/our-secrets-to-successful-video-marketing-that-drives-real-results/ 301
/our-secrets-to-successful-video-marketing-that-drives-real-results/ /blog/our-secrets-to-successful-video-marketing-that-drives-real-results/ 301
/phone-number-on-your-website /blog/phone-number-on-your-website/ 301
/phone-number-on-your-website/ /blog/phone-number-on-your-website/ 301
/pitfalls-of-stock-photography-for-website-images /blog/pitfalls-of-stock-photography-for-website-images/ 301
/pitfalls-of-stock-photography-for-website-images/ /blog/pitfalls-of-stock-photography-for-website-images/ 301
/plumbing-website-conversion-fixes /blog/plumbing-website-conversion-fixes/ 301
/plumbing-website-conversion-fixes/ /blog/plumbing-website-conversion-fixes/ 301
/professional-content-writing-business-authority-benefits /blog/professional-content-writing-business-authority-benefits/ 301
/professional-content-writing-business-authority-benefits/ /blog/professional-content-writing-business-authority-benefits/ 301
/professional-marketing-agency-strategic-advantages /blog/professional-marketing-agency-strategic-advantages/ 301
/professional-marketing-agency-strategic-advantages/ /blog/professional-marketing-agency-strategic-advantages/ 301
/professional-photography-business-roi-benefits /blog/professional-photography-business-roi-benefits/ 301
/professional-photography-business-roi-benefits/ /blog/professional-photography-business-roi-benefits/ 301
/seo-marketing-guide-business-growth /blog/seo-marketing-guide-business-growth/ 301
/seo-marketing-guide-business-growth/ /blog/seo-marketing-guide-business-growth/ 301
/seo-tips-for-plumbers /blog/seo-tips-for-plumbers/ 301
/seo-tips-for-plumbers/ /blog/seo-tips-for-plumbers/ 301
/social-media-marketing-business-impact /blog/social-media-marketing-business-impact/ 301
/social-media-marketing-business-impact/ /blog/social-media-marketing-business-impact/ 301
/social-media-marketing-maximize-strategies /blog/social-media-marketing-maximize-strategies/ 301
/social-media-marketing-maximize-strategies/ /blog/social-media-marketing-maximize-strategies/ 301
/success-business-branding /blog/success-business-branding/ 301
/success-business-branding/ /blog/success-business-branding/ 301
/the-ultimate-guide-to-building-a-professional-marketing-plan-for-2025 /blog/the-ultimate-guide-to-building-a-professional-marketing-plan-for-2025/ 301
/the-ultimate-guide-to-building-a-professional-marketing-plan-for-2025/ /blog/the-ultimate-guide-to-building-a-professional-marketing-plan-for-2025/ 301
/the-ultimate-guide-to-having-an-seo-expert-on-your-marketing-team /blog/the-ultimate-guide-to-having-an-seo-expert-on-your-marketing-team/ 301
/the-ultimate-guide-to-having-an-seo-expert-on-your-marketing-team/ /blog/the-ultimate-guide-to-having-an-seo-expert-on-your-marketing-team/ 301
/tips-to-keep-your-business-during-the-pandemic /blog/tips-to-keep-your-business-during-the-pandemic/ 301
/tips-to-keep-your-business-during-the-pandemic/ /blog/tips-to-keep-your-business-during-the-pandemic/ 301
/total-market-domination-with-google-business-profile /blog/total-market-domination-with-google-business-profile/ 301
/total-market-domination-with-google-business-profile/ /blog/total-market-domination-with-google-business-profile/ 301
/ultimate-guide-to-small-business-website-design /blog/ultimate-guide-to-small-business-website-design/ 301
/ultimate-guide-to-small-business-website-design/ /blog/ultimate-guide-to-small-business-website-design/ 301
/video-marketing-for-businesses /blog/video-marketing-for-businesses/ 301
/video-marketing-for-businesses/ /blog/video-marketing-for-businesses/ 301
/video-marketing-strategy-for-2023 /blog/video-marketing-strategy-for-2023/ 301
/video-marketing-strategy-for-2023/ /blog/video-marketing-strategy-for-2023/ 301
/website-design-and-development-consultant /blog/website-design-and-development-consultant/ 301
/website-design-and-development-consultant/ /blog/website-design-and-development-consultant/ 301
/website-is-not-ranking /blog/website-is-not-ranking/ 301
/website-is-not-ranking/ /blog/website-is-not-ranking/ 301
/website-videos-8-essential-reasons-every-business-needs-video-content /blog/website-videos-8-essential-reasons-every-business-needs-video-content/ 301
/website-videos-8-essential-reasons-every-business-needs-video-content/ /blog/website-videos-8-essential-reasons-every-business-needs-video-content/ 301
/what-is-a-brand-promise /blog/what-is-a-brand-promise/ 301
/what-is-a-brand-promise/ /blog/what-is-a-brand-promise/ 301
/what-is-seo /blog/what-is-seo/ 301
/what-is-seo/ /blog/what-is-seo/ 301
/what-makes-a-high-converting-webpage /blog/what-makes-a-high-converting-webpage/ 301
/what-makes-a-high-converting-webpage/ /blog/what-makes-a-high-converting-webpage/ 301
/when-to-delegate-marketing-to-experts /blog/when-to-delegate-marketing-to-experts/ 301
/when-to-delegate-marketing-to-experts/ /blog/when-to-delegate-marketing-to-experts/ 301
/when-to-hire-a-professional-videographer-for-your-home-service-company /blog/when-to-hire-a-professional-videographer-for-your-home-service-company/ 301
/when-to-hire-a-professional-videographer-for-your-home-service-company/ /blog/when-to-hire-a-professional-videographer-for-your-home-service-company/ 301
/xyz-marketing /blog/xyz-marketing/ 301
/xyz-marketing/ /blog/xyz-marketing/ 301
/xyz-marketing-acquired-by-rebel-ape-marketing /blog/xyz-marketing-acquired-by-rebel-ape-marketing/ 301
/xyz-marketing-acquired-by-rebel-ape-marketing/ /blog/xyz-marketing-acquired-by-rebel-ape-marketing/ 301